AA,HPRD,BLOSUM62,DELTA
A,0.0698457839,0.0738522954,-0.0040065115
C,0.0231226168,0.0249500998,-0.001827483
D,0.0481476988,0.0538922156,-0.0057445168
E,0.070644439,0.0538922156,0.0167522234
F,0.0372439945,0.0469061876,-0.0096621931
G,0.0660838698,0.0738522954,-0.0077684256
H,0.0261162961,0.0259481038,0.0001681923
I,0.044277412,0.0678642715,-0.0235868595
K,0.0576285349,0.0578842315,-0.0002556966
L,0.0991363806,0.0988023952,0.0003339854
M,0.0216587524,0.0249500998,-0.0032913474
N,0.0366184744,0.0449101796,-0.0082917052
P,0.0616506862,0.0389221557,0.0227285305
Q,0.0471915942,0.0339321357,0.0132594584
R,0.0560535647,0.0518962076,0.0041573571
S,0.0817464702,0.0568862275,0.0248602426
T,0.0529277466,0.0508982036,0.002029543
V,0.0604048745,0.0728542914,-0.0124494169
W,0.0120893881,0.0129740519,-0.0008846638
Y,0.0274114222,0.0339321357,-0.0065207135
